{
  "base_model": "extra_trees_leaf1",
  "method": "sigmoid",
  "calibration_rows": 21279,
  "threshold_rows": 21280,
  "threshold": 0.17244717994834932,
  "threshold_metrics": {
    "threshold": 0.17244717994834932,
    "precision": 1.0,
    "recall": 0.8333333333333334,
    "f1": 0.9090909090909091,
    "pr_auc": 0.863464481157021,
    "roc_auc": 0.9539602031423251,
    "true_negative": 21244,
    "false_positive": 0,
    "false_negative": 6,
    "true_positive": 30,
    "alerts": 30
  },
  "test_metrics": {
    "threshold": 0.17244717994834932,
    "precision": 0.9482758620689655,
    "recall": 0.7746478873239436,
    "f1": 0.8527131782945736,
    "pr_auc": 0.8225293147371107,
    "roc_auc": 0.96648299702186,
    "true_negative": 42485,
    "false_positive": 3,
    "false_negative": 16,
    "true_positive": 55,
    "alerts": 58
  },
  "calibration_metrics": {
    "test_brier_score": 0.00045529169537333284,
    "test_log_loss": 0.003506320378097791
  },
  "note": "Calibrated candidate is stored separately and not auto-promoted."
}