{
  "selected_model": "catboost_d7_w5",
  "selection_objective": "validation_f1",
  "threshold": 0.2669202765198361,
  "validation_metrics": {
    "precision": 0.9827586206896551,
    "recall": 0.8028169014084507,
    "f1": 0.8837209302325582,
    "pr_auc": 0.8396254076427897,
    "alerts": 58.0
  },
  "test_metrics": {
    "model": "catboost_d7_w5",
    "split": "test",
    "threshold": 0.2669202765198361,
    "precision": 0.8888888888888888,
    "recall": 0.7887323943661971,
    "f1": 0.835820895522388,
    "pr_auc": 0.8040964617201065,
    "roc_auc": 0.9674499643312711,
    "true_negative": 42481,
    "false_positive": 7,
    "false_negative": 15,
    "true_positive": 56,
    "alerts": 63,
    "fraud_found_at_100": 58,
    "precision_at_100": 0.58,
    "recall_at_100": 0.8169014084507042,
    "fraud_found_at_500": 62,
    "precision_at_500": 0.124,
    "recall_at_500": 0.8732394366197183,
    "fraud_found_at_1000": 62,
    "precision_at_1000": 0.062,
    "recall_at_1000": 0.8732394366197183
  }
}