{
  "selected_model": "catboost_d7_w5",
  "selection_objective": "3fold_oof_f1",
  "threshold": 0.2722248639557767,
  "development_rows": 241167,
  "development_frauds": 402,
  "oof_metrics": {
    "precision": 0.9103260869565217,
    "recall": 0.8333333333333334,
    "f1": 0.8701298701298701,
    "pr_auc": 0.8492637350782984,
    "alerts": 368.0
  },
  "test_metrics": {
    "model": "catboost_d7_w5",
    "split": "test",
    "threshold": 0.2722248639557767,
    "precision": 0.875,
    "recall": 0.7887323943661971,
    "f1": 0.8296296296296296,
    "pr_auc": 0.8304005620397442,
    "roc_auc": 0.969192295554536,
    "true_negative": 42480,
    "false_positive": 8,
    "false_negative": 15,
    "true_positive": 56,
    "alerts": 64,
    "fraud_found_at_100": 61,
    "precision_at_100": 0.61,
    "recall_at_100": 0.8591549295774648,
    "fraud_found_at_500": 64,
    "precision_at_500": 0.128,
    "recall_at_500": 0.9014084507042254,
    "fraud_found_at_1000": 64,
    "precision_at_1000": 0.064,
    "recall_at_1000": 0.9014084507042254
  },
  "risk_level_boundaries": {
    "low": [
      0.0,
      27.222486395577672
    ],
    "medium": [
      27.222486395577672,
      51.48165759705178
    ],
    "high": [
      51.48165759705178,
      75.74082879852588
    ],
    "critical": [
      75.74082879852588,
      100.0
    ]
  },
  "score_note": "Risk score belum dikalibrasi sebagai probabilitas absolut."
}