{
  "selected_model": "extra_trees_leaf1",
  "selected_scenario": "f1_optimized",
  "selected_strategy": "advanced_validation_max_f1",
  "threshold": 0.37833333333333335,
  "validation_metrics": {
    "precision": 1.0,
    "recall": 0.7887323943661971,
    "f1": 0.8818897637795275,
    "pr_auc": 0.8296971320635591
  },
  "test_metrics": {
    "threshold": 0.37833333333333335,
    "precision": 0.9482758620689655,
    "recall": 0.7746478873239436,
    "f1": 0.8527131782945736,
    "pr_auc": 0.8225293147371107,
    "roc_auc": 0.96648299702186,
    "true_negative": 42485,
    "false_positive": 3,
    "false_negative": 16,
    "true_positive": 55,
    "alerts": 58,
    "fraud_found_at_100": 58,
    "precision_at_100": 0.58,
    "recall_at_100": 0.8169014084507042,
    "fraud_found_at_500": 63,
    "precision_at_500": 0.126,
    "recall_at_500": 0.8873239436619719,
    "fraud_found_at_1000": 64,
    "precision_at_1000": 0.064,
    "recall_at_1000": 0.9014084507042254,
    "model": "extra_trees_leaf1",
    "selected_scenario": "f1_optimized",
    "detected_fraud_amount": 5761.94,
    "missed_fraud_amount": 3478.73
  },
  "risk_level_boundaries": {
    "low": [
      0.0,
      37.833333333333336
    ],
    "medium": [
      37.833333333333336,
      58.55555555555556
    ],
    "high": [
      58.55555555555556,
      79.27777777777777
    ],
    "critical": [
      79.27777777777777,
      100.0
    ]
  },
  "score_note": "Risk score belum dikalibrasi sebagai probabilitas absolut.",
  "validation_warning": "Model dipromosikan setelah iterative experimentation pada split yang sama; konfirmasi pada future out-of-time holdout diperlukan."
}